ID,model_ID,year,price,mileage,tax,mpg,engineSize,transmission_ID,fuel_ID
14568,76,2005,5200,63000,325,32.09999847,1.799999952,1,5
14569,69,2017,34948,27000,20,61.40000153,2.099999905,1,3
14570,75,2016,49948,6200,555,28,5.5,1,5
14571,32,2016,61948,16000,325,30.39999962,4,1,5
14572,32,2016,73948,4000,325,30.10000038,4,1,5
14573,75,2011,149948,3000,570,21.39999962,6.199999809,1,5
14574,38,2018,30948,16000,145,47.90000153,2.099999905,1,1
14575,69,2012,10948,107000,265,36.70000076,3.5,1,5
14576,32,2019,139948,12000,145,21.39999962,4,1,5
14577,35,2017,19750,15258,30,64.19999695,2.099999905,1,1
14578,13,2020,32980,606,145,35.79999924,2,1,5
14579,13,2020,26980,1000,145,62.79999924,1.5,1,1
14580,24,2019,23750,278,145,55.40000153,2,1,1
14581,37,2019,67980,5500,145,21.70000076,4,1,5
14582,35,2016,18980,41713,125,56.59999847,2.099999905,1,1
14583,24,2017,15890,24841,150,68.90000153,1.5,1,1
14584,25,2017,19890,30281,150,60.09999847,2.099999905,1,1
14585,38,2019,56800,2483,145,29.5,3,1,5
14586,24,2017,17513,14128,150,68.90000153,2.099999905,1,1
14587,25,2014,15701,20498,20,64.19999695,2.099999905,1,1
14588,25,2019,26601,9949,150,64.19999695,2,1,1
14589,25,2016,17672,31656,30,64.19999695,2.099999905,1,1
14590,31,2015,20769,21874,165,51.40000153,3,1,1
14591,31,2017,22270,13398,165,52.29999924,3,1,1
14592,34,2015,34129,13581,330,36.20000076,3,1,1
14593,75,2017,20601,16730,150,70.59999847,2.099999905,1,1
14594,30,2016,25077,13887,165,49.59999847,3,1,1
14595,75,2017,21609,2780,30,70.59999847,2.099999905,1,1
14596,75,2018,22914,8725,145,47.90000153,2,1,5
14597,25,2016,19328,25042,30,64.19999695,2.099999905,1,1
14598,25,2019,29546,7990,145,54.29999924,2,1,1
14599,37,2019,35611,26153,145,45.59999847,3,1,1
14600,25,2017,15311,31371,20,65.69999695,2.099999905,1,1
14601,13,2020,28128,2563,145,47.90000153,1.299999952,1,5
14602,13,2019,23184,1173,145,44.79999924,1.299999952,2,5
14603,13,2017,15787,24092,20,70.59999847,2.099999905,1,1
14604,37,2018,30682,14517,145,56.5,2.099999905,1,1
14605,13,2019,25701,11000,150,56.5,2,1,1
14606,25,2020,31790,3500,145,64.19999695,2,1,5
14607,13,2019,25190,2471,145,56.5,2,1,1
14608,76,2014,15990,43955,205,43.5,1.799999952,1,5
14609,30,2018,34990,18837,150,47.90000153,2.900000095,1,1
14610,37,2019,30799,9886,145,41.5,2.099999905,1,1
14611,25,2017,19743,16509,145,61.40000153,2.099999905,1,1
14612,25,2019,24055,7475,145,61.40000153,2,1,1
14613,24,2019,20945,13661,145,45.59999847,1.299999952,1,5
14614,25,2019,28524,8263,145,57.70000076,2,1,1
14615,31,2019,24541,10279,145,67.30000305,2,1,1
14616,31,2017,20880,37000,30,65.69999695,2,1,1
14617,13,2006,2880,66000,160,52.29999924,2,1,1
14618,28,2010,5880,40000,300,34,1.799999952,1,5
14619,25,2015,14940,43000,20,64.19999695,2.099999905,1,1
14620,76,2004,4890,46000,330,28,3.5,1,5
14621,75,2010,16990,18000,555,29.10000038,3.5,1,5
14622,24,2010,3890,71000,240,40.90000153,1.5,1,5
14623,24,2011,3990,90000,240,40.90000153,1.5,1,5
14624,13,2011,3440,74000,150,54.29999924,2,2,1
14625,38,2020,48995,3000,145,36.70000076,2,1,1
14626,76,2008,5980,60000,280,34.40000153,1.799999952,1,5
14627,31,2015,13990,52000,125,60.09999847,2.099999905,1,1
14628,27,2016,14480,84000,200,42.79999924,2,1,5
14629,31,2010,6980,79000,300,35.29999924,1.799999952,2,5
14630,25,2014,11290,48000,145,56.5,2.099999905,1,1
14631,31,2011,5740,115000,160,52.29999924,2.099999905,2,1
14632,82,2017,31980,16000,145,44.79999924,2.099999905,1,1
14633,27,2014,15990,45000,30,62.79999924,2.099999905,1,1
14634,24,2015,11240,47000,125,56.5,2.099999905,1,1
14635,37,2019,37980,6200,145,34,3,1,5
14636,25,2019,28980,5500,145,60.09999847,2,1,1
14637,25,2019,23280,3908,145,44.09999847,1.5,1,5
14638,25,2019,32980,2000,145,64.19999695,2,1,1
14639,51,2008,5990,110000,555,28.79999924,3,1,1
14640,13,2013,7300,54000,30,65.69999695,1.799999952,1,1
14641,69,2014,41980,26000,555,28,5.5,1,5
14642,34,2007,7340,104000,570,28.79999924,3,1,1
14643,34,2007,8490,74000,570,28.79999924,3,1,1
14644,25,2009,4480,130000,300,37.70000076,3,1,1
14645,69,2016,24880,75000,190,42.40000153,3.5,1,3
14646,31,2015,17480,22000,140,53.29999924,3,1,1
14647,31,2007,4880,58000,315,37.20000076,3,1,1
14648,69,2015,38980,11000,270,33.20000076,4.699999809,1,5
14649,76,2010,7495,59147,300,36.20000076,1.799999952,2,5
14650,25,2007,3790,99000,555,28.79999924,2.5,1,5
14651,25,2007,3890,87000,325,32.5,1.799999952,1,5
14652,26,2015,17863,14360,20,62.79999924,2.099999905,4,1
14653,35,2015,17624,29505,125,55.40000153,2.099999905,1,1
14654,13,2018,18220,10361,145,68.90000153,1.5,1,1
14655,75,2017,18775,19522,30,70.59999847,2.099999905,1,1
14656,75,2017,20745,23103,30,70.59999847,2.099999905,1,1
14657,13,2019,18118,15561,145,68.90000153,1.5,1,1
14658,13,2019,17990,14783,145,65.69999695,1.5,1,1
14659,75,2019,28491,9477,145,47.09999847,2,4,5
14660,13,2018,18888,11565,145,67.30000305,1.5,1,1
14661,13,2019,19840,6781,145,28.5,1.299999952,1,5
14662,13,2019,18241,15722,145,65.69999695,1.5,1,1
14663,13,2019,18141,15689,145,65.69999695,1.5,1,1
14664,39,2016,37385,21169,305,37.20000076,3,1,1
14665,30,2017,26166,9165,150,51.40000153,3,1,1
14666,24,2019,24616,3710,145,55.40000153,2,1,1
14667,25,2019,30403,3000,145,46.29999924,1.5,1,5
14668,75,2019,30670,3000,145,47.09999847,2,1,5
14669,25,2020,30960,3000,145,64.19999695,2,1,1
14670,13,2020,24107,3500,145,62.79999924,1.5,1,1
14671,25,2019,24510,11368,145,58.90000153,1.600000024,1,1
14672,34,2016,35371,14253,325,36.20000076,3,1,1
14673,37,2019,33729,11301,145,56.5,2.099999905,1,1
14674,25,2019,29623,7500,145,64.19999695,2,1,1
14675,25,2019,27964,5617,145,57.70000076,2,1,1
14676,24,2019,21394,9573,145,45.59999847,1.299999952,1,5
14677,24,2019,20882,14257,145,45.59999847,1.299999952,1,5
14678,30,2019,37352,3000,150,45.59999847,2,1,1
14679,25,2018,18051,11319,145,65.69999695,1.600000024,1,1
14680,25,2019,24433,2326,145,46.29999924,1.5,1,5
14681,37,2019,37116,6250,145,40.90000153,2,1,1
14682,35,2019,22375,13850,145,67.30000305,2.099999905,1,1
14683,25,2019,24915,13101,145,61.40000153,2,1,1
14684,31,2019,29991,10356,145,70.59999847,2,1,1
14685,13,2019,22596,5382,145,62.79999924,1.5,1,1
14686,13,2019,22730,1521,145,56.5,2,1,1
14687,25,2019,26154,14696,145,56.5,2,1,1
14688,31,2020,35438,3500,145,42.79999924,2,1,1
14689,25,2019,27980,3168,145,55.40000153,2,1,1
14690,25,2019,28250,3477,145,61.40000153,2,1,1
14691,24,2019,23280,6441,145,44.09999847,1.299999952,1,5
14692,25,2017,15700,19023,145,65.69999695,2.099999905,1,1
14693,27,2017,18790,8423,150,67.30000305,2.099999905,1,1
14694,38,2020,54995,6700,150,32.79999924,3,1,1
14695,13,2018,20450,6511,150,65.69999695,1.5,1,1
14696,13,2014,11980,66690,20,64.19999695,2.099999905,1,1
14697,25,2017,19890,26878,150,48.70000076,2,1,5
14698,35,2018,20350,24556,145,56.5,2.099999905,1,1
14699,31,2017,22890,34934,150,61.40000153,2,1,1
14700,13,2017,18890,7875,150,53.29999924,1.600000024,1,5
14701,24,2017,15480,23290,20,68.90000153,2.099999905,1,1
14702,31,2016,16480,48889,125,58.90000153,2.099999905,1,1
14703,27,2017,20480,31949,150,58.90000153,2.099999905,1,1
14704,37,2016,25780,34358,125,56.5,2.099999905,1,1
14705,25,2017,21000,25000,140,134.5,2,1,3
14706,35,2016,17800,34092,125,56.59999847,2.099999905,1,1
14707,24,2019,20700,14931,145,45.59999847,1.299999952,1,5
14708,25,2016,17890,44184,125,50.40000153,2,1,5
14709,25,2009,4200,96000,235,42.20000076,2.099999905,1,1
14710,31,2017,20998,21352,20,72.40000153,2,4,1
14711,35,2015,18998,33114,125,56.5,2.099999905,4,1
14712,25,2017,24998,28234,160,43.5,2,4,5
14713,26,2015,17498,15557,125,50.40000153,1.600000024,2,5
14714,25,2016,19498,22803,30,61.40000153,2.099999905,4,1
14715,25,2018,23498,17093,145,67.30000305,2.099999905,4,1
14716,31,2014,15998,43125,200,45.59999847,3,4,1
14717,69,2016,28498,30135,200,47.90000153,3,4,1
14718,26,2015,16498,25920,125,51.40000153,1.600000024,2,5
14719,37,2020,37998,5538,150,40.90000153,2,4,1
14720,25,2014,16995,37600,30,64.19999695,2.099999905,1,1
14721,13,2016,27995,13000,200,40.90000153,2,1,5
14722,69,2015,29995,17700,200,48.70000076,3,1,1
14723,37,2017,26995,37950,145,56.5,2.099999905,4,1
14724,25,2017,24995,14000,145,47.09999847,2,1,5
14725,38,2016,29995,27700,200,47.90000153,2.099999905,1,1
14726,13,2019,18995,21400,145,53.29999924,1.299999952,4,5
14727,24,2015,11995,41500,20,67.30000305,1.5,4,1
14728,32,2015,52995,34400,570,25.20000076,3,4,1
14729,31,2017,23995,19300,30,65.69999695,2,4,1
14730,31,2015,17698,27622,145,54.29999924,3,4,1
14731,30,2014,15998,31815,145,54.29999924,2.099999905,4,1
14732,31,2016,20298,25273,145,54.29999924,3,4,1
14733,25,2014,12998,52712,20,64.19999695,2.099999905,4,1
14734,13,2013,11998,54060,30,64.19999695,2.099999905,4,1
14735,25,2017,17998,59858,145,64.19999695,2.099999905,4,1
14736,35,2016,16998,50543,125,56.5,2.099999905,4,1
14737,69,2019,48998,375,145,52.29999924,3,4,1
14738,25,2019,28998,22,145,48.70000076,1.600000024,2,5
14739,31,2019,46998,3325,145,32.5,3,4,5
14740,13,2017,17498,16244,145,74.30000305,1.5,4,1
14741,69,2016,26498,36121,200,47.90000153,3,4,1
14742,24,2013,8998,46108,30,64.19999695,1.799999952,4,1
14743,35,2016,19498,27846,125,56.5,2.099999905,4,1
14744,31,2017,20498,20195,20,72.40000153,2,4,1
14745,25,2018,22998,18739,150,60.09999847,2.099999905,4,1
14746,25,2016,12998,53453,20,70.59999847,2.099999905,2,1
14747,25,2016,22998,23090,30,65.69999695,2.099999905,4,1
14748,69,2015,27998,14158,200,47.90000153,3,4,1
14749,69,2015,26498,27343,200,48.70000076,3,4,1
14750,82,2017,27998,58590,235,44.79999924,2.200000048,4,1
14751,31,2019,36998,5211,145,70.59999847,2,4,1
14752,37,2017,26998,9172,145,56.5,2.099999905,4,1
14753,31,2015,19498,26999,160,51.40000153,3,4,1
14754,25,2019,25498,8150,145,60.09999847,1.600000024,4,1
14755,31,2019,28998,26100,145,65.69999695,2,4,1
14756,25,2019,24998,9344,145,55.40000153,2,4,1
14757,35,2020,27998,3930,150,35.79999924,1.600000024,4,5
14758,37,2019,35998,7540,145,40.90000153,2,4,1
14759,37,2019,32998,12831,145,44.79999924,2,4,1
14760,38,2016,24998,42913,200,47.90000153,2.099999905,4,1
14761,25,2017,21498,20981,30,64.19999695,2.099999905,4,1
14762,31,2017,20998,22930,145,72.40000153,2,4,1
14763,69,2016,25498,44072,200,47.90000153,3,4,1
14764,24,2015,13498,20789,20,67.30000305,1.5,4,1
14765,13,2016,16998,29160,20,67.30000305,2.099999905,4,1
14766,75,2019,32998,2403,145,47.09999847,2,4,5
14767,24,2019,21498,4653,145,45.59999847,1.299999952,2,5
14768,31,2014,13998,33404,125,58.90000153,2.099999905,4,1
14769,25,2017,18998,23760,30,64.19999695,2.099999905,4,1
14770,25,2016,17998,26100,20,68.90000153,2.099999905,2,1
14771,25,2019,28498,4285,145,61.40000153,2,4,1
14772,25,2016,18998,28388,30,64.19999695,1.600000024,4,1
14773,13,2019,19498,14899,145,68.90000153,1.5,4,1
14774,25,2017,20998,16902,145,60.09999847,2.099999905,4,1
14775,24,2019,20998,10713,145,45.59999847,1.299999952,4,5
14776,51,2015,21498,43339,200,39.20000076,2.099999905,4,1
14777,31,2017,19998,46230,145,67.30000305,2,4,1
14778,75,2017,19498,29114,30,70.59999847,2.099999905,4,1
14779,31,2016,20498,37915,160,51.40000153,3,4,1
14780,75,2017,22498,11534,145,70.59999847,2.099999905,4,1
14781,75,2017,20998,18739,145,70.59999847,2.099999905,4,1
14782,31,2017,20998,27671,145,72.40000153,2,4,1
14783,13,2015,18998,23247,200,42.79999924,2,4,5
14784,25,2018,27498,9255,145,57.70000076,2,4,1
14785,25,2016,16998,26973,30,65.69999695,1.600000024,4,1
14786,31,2017,22998,16910,145,65.69999695,2,4,1
14787,69,2015,24498,28191,200,47.90000153,3,4,1
14788,25,2018,27498,12491,145,65.69999695,2.099999905,4,1
14789,13,2015,16998,39587,200,42.79999924,2,4,5
14790,35,2015,17998,42942,200,42.79999924,2,4,5
14791,37,2016,23498,46259,125,56.5,2.099999905,4,1
14792,13,2017,18298,7919,145,68.90000153,2.099999905,4,1
14793,13,2019,22998,3770,150,53.29999924,1.299999952,4,5
14794,25,2014,26998,24175,570,23.5,6.199999809,4,5
14795,82,2018,19998,14941,145,46.29999924,2.099999905,2,1
14796,82,2018,19498,21525,145,46.29999924,2.099999905,2,1
14797,25,2014,15998,26216,30,64.19999695,2.099999905,4,1
14798,25,2013,9298,80485,145,54.29999924,2.099999905,4,1
14799,26,2014,17298,33274,30,62.79999924,2.099999905,4,1
14800,25,2018,20489,16900,145,61.40000153,2.099999905,4,1
14801,51,2013,15990,51800,200,44.79999924,2.099999905,1,1
14802,13,2013,9995,47000,20,68.90000153,1.799999952,4,1
14803,34,2014,24498,67833,325,35.29999924,3,1,1
14804,82,2016,26490,32494,200,45.59999847,2.200000048,4,1
14805,13,2018,22990,5491,145,45.59999847,2,4,5
14806,13,2018,19995,2348,145,53.29999924,1.299999952,4,5
14807,35,2017,17850,18692,145,48.70000076,1.600000024,2,5
14808,13,2016,15000,30761,30,62.79999924,2.099999905,2,1
14809,25,2017,13800,34015,145,70.59999847,2.099999905,2,1
14810,82,2018,20498,22011,145,46.29999924,2.099999905,2,1
14811,25,2014,15498,36243,30,64.19999695,2.099999905,4,1
14812,13,2019,18995,3150,145,65.69999695,1.5,4,1
14813,25,2017,20995,33000,145,58.90000153,2.099999905,4,1
14814,25,2018,31995,11300,150,36.20000076,3,4,5
14815,13,2017,16995,25800,150,68.90000153,2.099999905,4,1
14816,26,2015,17995,41100,20,67.30000305,2.099999905,1,1
14817,37,2016,28995,31600,145,56.5,2.099999905,4,1
14818,82,2018,35995,7000,145,45.59999847,2.200000048,1,1
14819,25,2017,23995,32800,30,65.69999695,2.099999905,4,1
14820,35,2015,16998,42129,125,56.5,2.099999905,4,1
14821,37,2016,21998,49986,125,56.5,2.099999905,4,1
14822,35,2017,30498,20085,145,38.20000076,2,4,5
14823,25,2019,27698,14999,145,55.40000153,2,4,1
14824,25,2016,27498,37941,260,35.79999924,3,4,5
14825,25,2019,32498,11301,145,61.40000153,2,4,1
14826,38,2019,54498,6279,145,32.79999924,3,4,1
14827,34,2016,34998,32726,325,36.20000076,3,4,1
14828,37,2016,28998,16742,145,56.5,2.099999905,4,1
14829,25,2019,24498,12629,145,61.40000153,2.099999905,4,1
14830,75,2017,20998,13526,145,47.90000153,2,4,5
14831,31,2015,19698,23578,150,54.29999924,3,4,1
14832,13,2018,23498,5189,150,53.29999924,1.299999952,4,5
14833,13,2019,21498,6324,145,65.69999695,1.5,4,1
14834,13,2019,21498,5685,145,65.69999695,1.5,4,1
14835,75,2019,64998,313,145,31.39999962,4.699999809,4,5
14836,31,2015,19498,17167,145,54.29999924,3,4,1
14837,25,2015,12298,68718,125,53.29999924,2,4,5
14838,75,2017,21998,4657,145,70.59999847,2.099999905,4,1
14839,38,2016,24998,30121,205,47.90000153,2.099999905,4,1
14840,37,2017,29998,23326,150,56.5,2.099999905,4,1
14841,31,2016,15635,30132,30,64.19999695,2.099999905,4,1
14842,25,2018,20685,21929,145,64.19999695,2.099999905,4,1
14843,31,2017,19498,33037,150,72.40000153,2,4,1
14844,39,2018,46998,9182,145,37.20000076,3,4,1
14845,25,2016,20498,27968,125,60.09999847,2.099999905,4,1
14846,38,2017,30298,14786,200,47.90000153,2.099999905,4,1
14847,31,2015,20298,28056,160,51.40000153,3,4,1
14848,37,2017,37998,20418,145,34,3,4,5
14849,38,2017,28998,31322,145,42.79999924,3,4,1
14850,25,2014,15298,41416,30,64.19999695,2.099999905,4,1
14851,37,2016,22998,30162,125,56.5,2.099999905,4,1
14852,37,2018,31998,11605,145,56.5,2.099999905,4,1
14853,31,2019,36998,629,145,32.90000153,2,4,5
14854,35,2016,15998,52029,125,56.5,2.099999905,4,1
14855,35,2015,18498,22888,125,55.40000153,2.099999905,4,1
14856,37,2016,24998,30639,125,56.5,2.099999905,4,1
14857,37,2018,33998,7220,145,56.5,2.099999905,4,1
14858,25,2019,33998,3814,145,44.09999847,1.5,4,5
14859,25,2019,32998,17,145,46.29999924,1.5,4,5
14860,30,2016,21998,29306,160,51.40000153,3,4,1
14861,38,2016,28698,22707,200,47.90000153,2.099999905,4,1
14862,25,2018,19998,15383,145,46.29999924,1.5,4,5
14863,30,2019,44498,5428,145,47.90000153,2.900000095,4,1
14864,25,2015,13998,24010,20,72.40000153,1.600000024,2,1
14865,38,2017,30498,19605,260,42.79999924,3,4,1
14866,25,2019,24498,15838,145,61.40000153,2,4,1
14867,75,2016,18498,33502,30,70.59999847,2.099999905,4,1
14868,13,2018,18998,12386,145,68.90000153,1.5,4,1
14869,25,2016,16498,37080,20,64.19999695,2.099999905,4,1
14870,37,2016,23998,42809,125,56.5,2.099999905,4,1
14871,26,2015,19498,20820,20,67.30000305,2.099999905,4,1
14872,25,2016,15498,73582,30,61.40000153,2.099999905,4,1
14873,31,2017,19498,47007,30,65.69999695,2,4,1
14874,30,2019,39998,926,145,45.59999847,2,4,1
14875,31,2019,38998,378,145,57.70000076,2,4,1
14876,75,2019,32998,17,145,47.09999847,2,4,5
14877,37,2019,34998,423,145,56.5,2.099999905,4,1
14878,13,2019,20998,9651,145,56.5,2,4,1
14879,69,2015,27498,35236,200,47.90000153,3,4,1
14880,75,2017,20298,20055,30,70.59999847,2.099999905,4,1
14881,13,2018,21998,15450,150,53.29999924,1.299999952,4,5
14882,13,2019,21998,19324,150,53.29999924,1.299999952,4,5
14883,13,2016,21998,17171,165,45.59999847,2,4,5
14884,31,2016,19498,33249,145,54.29999924,3,4,1
14885,31,2016,18998,23951,125,58.90000153,2.099999905,4,1
14886,31,2017,21998,16062,145,52.29999924,3,4,1
14887,13,2017,15245,22969,145,68.90000153,1.5,2,1
14888,25,2014,10995,98000,20,68.90000153,2.099999905,2,1
14889,13,2013,9995,83000,20,70.59999847,1.5,2,1
14890,31,2017,23995,16820,145,51.40000153,3,4,1
14891,75,2016,28650,9262,260,36.70000076,3,4,5
14892,51,2015,21998,37963,205,39.20000076,2.099999905,4,1
14893,25,2014,15698,39920,30,64.19999695,2.099999905,4,1
14894,82,2018,20498,25254,145,46.29999924,2.099999905,2,1
14895,31,2019,39998,2675,135,134.5,2,4,3
14896,35,2015,18498,18106,125,56.59999847,2.099999905,4,1
14897,25,2016,18498,31891,0,134.5,2,4,3
14898,37,2015,24498,23487,125,56.5,2.099999905,4,1
14899,82,2018,20498,20841,145,46.29999924,2.099999905,2,1
14900,82,2018,20498,22033,145,46.29999924,2.099999905,2,1
14901,25,2019,31998,2000,145,42.20000076,2,4,5
14902,25,2019,29998,28000,145,44.09999847,2,4,5
14903,25,2019,24998,22400,145,44.09999847,1.5,4,5
14904,69,2015,26498,34434,200,48.70000076,3,4,1
14905,25,2019,32998,2878,145,42.20000076,2,4,5
14906,25,2019,32998,4500,145,42.20000076,2,4,5
14907,25,2019,29998,836,145,43.5,2,4,5
14908,38,2016,30998,14149,235,42.79999924,3,4,1
14909,75,2016,19998,27801,145,47.90000153,2,4,5
14910,25,2017,23998,14462,20,67.30000305,2.099999905,4,1
14911,31,2019,48998,2669,145,47.09999847,3,4,1
14912,25,2019,32498,1887,145,46.29999924,1.5,4,5
14913,31,2017,19998,52570,30,65.69999695,2,4,1
14914,38,2016,27998,24732,200,47.90000153,2.099999905,4,1
14915,75,2016,18998,29302,30,70.59999847,2.099999905,4,1
14916,38,2017,28498,30825,145,47.90000153,2.099999905,4,1
14917,31,2015,17998,42577,145,54.29999924,3,4,1
14918,31,2015,18498,40348,145,54.29999924,3,4,1
14919,25,2014,15498,23772,20,64.19999695,2.099999905,4,1
14920,25,2017,18998,28808,145,61.40000153,2.099999905,4,1
14921,31,2016,19998,29511,30,65.69999695,2,4,1
14922,35,2014,15698,43696,145,55.40000153,2.099999905,4,1
14923,37,2016,25998,40220,145,56.5,2.099999905,4,1
14924,13,2016,15200,39057,20,74.30000305,1.5,4,1
14925,51,2013,15200,61363,200,44.79999924,2.099999905,4,1
14926,13,2016,15200,23286,20,68.90000153,2.099999905,4,1
14927,51,2014,15998,71657,200,44.79999924,2.099999905,4,1
14928,25,2019,22498,10455,145,46.29999924,1.5,4,5
14929,35,2016,17998,39017,125,56.5,2.099999905,4,1
14930,26,2013,11998,33562,125,50.40000153,1.600000024,2,5
14931,13,2019,21498,4138,145,65.69999695,1.5,4,1
14932,25,2016,19298,27644,30,64.19999695,2.099999905,4,1
14933,38,2016,28998,34669,200,47.90000153,2.099999905,4,1
14934,24,2017,12498,29559,20,68.90000153,1.5,2,1
14935,82,2018,32998,18932,145,45.59999847,2.200000048,4,1
14936,25,2018,29498,6265,145,54.29999924,2,4,1
14937,25,2016,16998,21786,20,65.69999695,2.099999905,4,1
14938,69,2015,28998,16382,200,47.90000153,3,4,1
14939,31,2016,20298,23411,160,52.29999924,3,4,1
14940,76,2013,10698,66282,145,56.5,2,4,1
14941,69,2015,24998,29036,160,50.40000153,3,4,1
14942,13,2016,15498,63454,20,74.30000305,1.5,4,1
14943,38,2015,25498,29078,200,47.90000153,2.099999905,4,1
14944,31,2016,18698,31131,145,54.29999924,3,4,1
14945,82,2017,30998,32577,145,45.59999847,2.200000048,4,1
14946,13,2016,12498,54544,20,72.40000153,1.5,2,1
14947,69,2019,46998,1042,145,52.29999924,3,4,1
14948,25,2019,33998,1558,145,44.09999847,1.5,4,5
14949,25,2019,32998,2258,145,46.29999924,1.5,4,5
14950,25,2019,30498,4977,145,57.70000076,2,4,1
14951,30,2015,19298,35866,160,49.59999847,3,4,1
14952,13,2018,17498,15316,145,49.59999847,1.600000024,4,5
14953,35,2016,21498,21253,200,43.5,2,4,5
14954,31,2016,19498,23791,125,56.5,2.099999905,4,1
14955,25,2017,18998,26866,30,64.19999695,2.099999905,4,1
14956,13,2017,18498,15478,145,53.29999924,1.600000024,4,5
14957,31,2019,40998,1255,145,49.59999847,2,4,1
14958,69,2019,49998,83,145,52.29999924,3,4,1
14959,69,2016,31998,14633,200,47.90000153,3,4,1
14960,13,2019,23498,5800,150,65.69999695,1.5,4,1
14961,25,2017,18498,20618,30,64.19999695,2.099999905,4,1
14962,69,2015,27998,17168,200,48.70000076,3,4,1
14963,25,2019,24998,15536,145,47.09999847,1.5,4,5
14964,25,2019,24998,16103,145,47.09999847,1.5,4,5
14965,25,2019,21998,14576,145,46.29999924,1.5,4,5
14966,25,2018,29498,6198,145,54.29999924,2,4,1
14967,31,2019,24498,15316,145,72.40000153,2,4,1
14968,69,2015,28498,15293,200,48.70000076,3,4,1
14969,31,2016,20998,16843,145,54.29999924,3,4,1
14970,31,2016,19998,18718,145,54.29999924,3,4,1
14971,31,2016,20298,26707,145,54.29999924,3,4,1
14972,31,2016,19498,36107,160,51.40000153,3,4,1
14973,25,2016,19498,24756,30,64.19999695,2.099999905,4,1
14974,31,2017,20998,29816,145,61.40000153,2,4,1
14975,31,2016,21498,29833,160,51.40000153,3,4,1
14976,31,2016,19698,42334,30,65.69999695,2,4,1
14977,34,2015,31998,36281,330,36.20000076,3,4,1
14978,31,2015,19498,22877,150,54.29999924,3,4,1
14979,38,2016,30998,19574,240,42.79999924,3,4,1
14980,26,2014,15998,42514,30,62.79999924,2.099999905,4,1
14981,25,2016,17998,36587,0,134.5,2,4,3
14982,76,2015,14298,21624,145,56.5,2,4,1
14983,13,2017,15498,47412,20,68.90000153,1.5,2,1
14984,37,2016,21500,23349,125,56.5,2.099999905,4,1
14985,25,2016,14698,19864,20,70.59999847,2.099999905,2,1
14986,25,2016,13998,22117,125,53.29999924,2,2,5
14987,25,2015,14698,43331,20,64.19999695,2.099999905,4,1
14988,13,2019,18498,2810,145,28.5,1.299999952,2,5
14989,24,2014,9998,24510,30,61.40000153,1.5,2,1
14990,38,2017,34998,16647,205,47.90000153,2.099999905,4,1
14991,25,2014,10498,51929,145,53.29999924,2.099999905,4,1
14992,13,2016,14998,24569,20,68.90000153,1.5,2,1
14993,35,2014,14998,64001,145,55.40000153,2.099999905,4,1
14994,13,2018,19998,6340,145,53.29999924,1.299999952,4,5
14995,25,2016,19698,25107,0,134.5,2,1,3
14996,13,2018,17498,15597,145,68.90000153,2.099999905,4,1
14997,25,2017,22498,20491,135,74.30000305,2.099999905,4,3
14998,25,2015,11998,52792,20,72.40000153,1.600000024,2,1
14999,37,2018,32498,12517,145,45.59999847,3,4,1
15000,25,2016,16298,29201,30,64.19999695,1.600000024,4,1
15001,13,2013,11998,13680,125,51.40000153,1.600000024,2,5
15002,37,2016,20998,37045,125,56.5,2.099999905,4,1
15003,31,2018,21498,25454,150,72.40000153,2,4,1
15004,37,2017,25498,17967,150,56.5,2.099999905,4,1
15005,26,2014,16995,37208,30,62.79999924,2.099999905,4,1
15006,38,2017,28500,28297,200,47.90000153,2.099999905,4,1
15007,13,2016,13900,16349,20,72.40000153,1.5,2,1
15008,26,2015,18498,18982,20,67.30000305,2.099999905,4,1
15009,38,2017,31498,9949,205,47.90000153,2.099999905,4,1
15010,25,2016,15698,42062,125,50.40000153,2,1,5
15011,25,2015,16998,43883,125,60.09999847,2.099999905,4,1
15012,35,2015,17498,30154,125,55.40000153,2.099999905,4,1
15013,25,2017,20998,42036,20,67.30000305,2.099999905,4,1
15014,25,2016,20998,23429,0,122.8000031,2,4,3
15015,25,2017,16498,20764,150,58.90000153,2.099999905,1,1
15016,24,2017,15998,21306,145,68.90000153,2.099999905,4,1
15017,25,2013,11998,31706,145,53.29999924,2.099999905,4,1
15018,31,2018,32498,9252,145,33.59999847,3,4,5
15019,26,2017,19295,39643,20,67.30000305,2.099999905,1,1
15020,31,2017,21950,26355,145,65.69999695,2,1,1
15021,25,2019,24495,10000,145,61.40000153,2,4,1
15022,37,2016,24995,40343,125,56.5,2.099999905,1,1
15023,25,2016,18990,26413,20,64.19999695,2.099999905,4,1
15024,37,2018,27590,16776,145,56.5,2.099999905,4,1
15025,31,2013,9495,82312,145,55.40000153,2.099999905,4,1
15026,35,2017,22750,9000,145,56.5,2.099999905,4,1
15027,35,2016,21595,21512,200,43.5,2,4,5
15028,25,2015,12495,50374,20,65.69999695,2.099999905,4,1
15029,82,2018,20498,23694,145,46.29999924,2.099999905,2,1
15030,82,2018,19498,24164,145,46.29999924,2.099999905,2,1
15031,25,2015,17498,42471,0,76.40000153,2.099999905,4,3
15032,25,2016,16198,41974,20,68.90000153,2.099999905,2,1
15033,82,2018,20498,23128,145,46.29999924,2.099999905,2,1
15034,69,2016,30498,17624,200,47.90000153,3,4,1
15035,25,2017,17998,16291,145,50.40000153,2,4,5
15036,82,2018,19998,27222,145,46.29999924,2.099999905,2,1
15037,82,2016,17998,21981,200,46.29999924,2.099999905,2,1
15038,82,2018,20498,20138,145,46.29999924,2.099999905,2,1
15039,24,2017,13498,35881,20,68.90000153,1.5,2,1
15040,38,2017,29998,15626,265,42.79999924,3,4,1
15041,37,2017,20998,40949,125,56.5,2.099999905,4,1
15042,31,2017,21498,31750,145,61.40000153,2,4,1
15043,35,2015,17498,25909,125,56.5,2.099999905,4,1
15044,13,2014,10498,63177,30,64.19999695,2.099999905,2,1
15045,35,2014,20498,45231,235,37.70000076,2,4,5
15046,25,2016,16998,43014,30,64.19999695,2.099999905,4,1
15047,31,2017,19698,25152,145,72.40000153,2,4,1
15048,25,2017,25798,9676,145,65.69999695,2.099999905,4,1
15049,25,2018,20498,7894,145,60.09999847,2.099999905,4,1
15050,25,2015,13498,38438,20,70.59999847,2.099999905,2,1
15051,31,2015,17998,34464,145,53.29999924,3,4,1
15052,35,2016,18998,19696,125,56.5,2.099999905,4,1
15053,24,2019,21998,7214,145,55.40000153,2,4,1
15054,30,2019,40998,4001,145,47.90000153,2.900000095,4,1
15055,30,2015,19698,44143,160,51.40000153,3,4,1
15056,25,2019,23498,19204,150,61.40000153,2,4,1
15057,38,2017,26998,47120,200,47.90000153,2.099999905,4,1
15058,37,2016,20998,36240,125,56.5,2.099999905,4,1
15059,25,2016,14498,21945,125,53.29999924,2,2,5
15060,31,2017,20998,21929,30,65.69999695,2,4,1
15061,82,2018,19998,27222,145,46.29999924,2.099999905,2,1
15062,82,2016,17998,21981,200,46.29999924,2.099999905,2,1
15063,13,2014,13998,29670,20,68.90000153,2.099999905,4,1
15064,25,2019,29498,2195,145,61.40000153,2,4,1
15065,37,2016,21998,27894,125,56.5,2.099999905,4,1
15066,13,2019,21998,11578,150,53.29999924,1.299999952,4,5
15067,38,2017,28998,18855,200,47.90000153,2.099999905,4,1
15068,25,2015,12495,55000,30,64.19999695,2.099999905,1,1
15069,31,2017,19498,54028,150,65.69999695,2,4,1
15070,38,2017,31298,12122,145,47.90000153,2.099999905,4,1
15071,30,2016,22998,25536,160,51.40000153,3,4,1
15072,13,2017,16798,24388,20,68.90000153,1.5,2,1
15073,13,2017,15498,35295,20,68.90000153,1.5,2,1
15074,26,2015,15998,29901,125,50.40000153,1.600000024,2,5
15075,13,2014,10998,58500,30,65.69999695,1.799999952,4,1
15076,82,2018,19998,26973,145,46.29999924,2.099999905,2,1
15077,13,2013,15498,27415,160,44.09999847,2,4,5
15078,25,2016,16998,38830,20,64.19999695,2.099999905,4,1
15079,25,2015,16798,32409,30,64.19999695,2.099999905,4,1
15080,13,2015,11498,32648,0,74.30000305,1.5,2,1
15081,26,2013,11460,64000,125,50.40000153,1.600000024,2,5
15082,25,2016,13991,49494,30,64.19999695,2.099999905,4,1
15083,35,2018,20810,18462,145,42.79999924,2,1,5
15084,35,2016,16130,36152,125,56.5,2.099999905,4,1
15085,13,2015,12380,34119,20,70.59999847,1.5,2,1
15086,82,2018,20998,22740,145,46.29999924,2.099999905,2,1
15087,13,2013,13998,29698,30,64.19999695,2.099999905,4,1
15088,30,2015,16498,39858,125,56.5,2.099999905,4,1
15089,35,2015,17998,25585,125,56.5,2.099999905,4,1
15090,37,2016,24498,16840,125,56.5,2.099999905,4,1
15091,24,2013,9998,34837,30,64.19999695,1.799999952,4,1
15092,37,2017,23498,32902,125,56.5,2.099999905,4,1
15093,25,2017,18498,26179,145,60.09999847,2.099999905,4,1
15094,13,2018,17498,8601,145,51.40000153,1.600000024,2,5
15095,24,2016,13498,25726,20,68.90000153,1.5,2,1
15096,35,2017,16498,32917,30,64.19999695,2.099999905,2,1
15097,69,2019,60998,100,145,40.90000153,3,4,5
15098,37,2017,24998,44847,125,56.5,2.099999905,4,1
15099,31,2014,9500,80084,30,58.90000153,2.099999905,4,1
15100,31,2016,21498,17078,165,50.40000153,3,4,1
15101,25,2019,23998,10357,145,61.40000153,2,4,1
15102,31,2015,19700,33659,240,39.20000076,3.5,4,5
15103,31,2016,17000,27361,125,56.5,2.099999905,4,1
15104,51,2014,18500,48928,200,46.29999924,2.099999905,4,1
15105,51,2013,16300,57367,200,44.79999924,2.099999905,4,1
15106,35,2018,23000,10808,145,56.5,2.099999905,4,1
15107,24,2013,8200,54257,30,61.40000153,1.5,2,1
15108,13,2019,23000,7864,145,53.29999924,1.299999952,4,5
15109,37,2017,25800,15334,145,56.5,2.099999905,4,1
15110,82,2018,20998,11323,145,46.29999924,2.099999905,2,1
15111,13,2019,20998,18881,145,67.30000305,1.5,4,1
15112,31,2015,21298,15048,160,51.40000153,3,4,1
15113,26,2019,25498,13953,145,51.40000153,2.200000048,4,1
15114,25,2019,28998,5116,145,61.40000153,2,4,1
15115,35,2017,17998,47465,145,64.19999695,2.099999905,4,1
15116,25,2019,24998,15009,145,47.09999847,1.5,4,5
15117,25,2018,27998,6787,145,57.70000076,2,4,1
15118,75,2016,20498,10643,30,70.59999847,2.099999905,4,1
15119,31,2018,47998,9783,145,31.70000076,3,4,5
15120,31,2018,22998,16089,145,65.69999695,2,4,1
15121,30,2017,23998,27354,160,49.59999847,3,4,1
15122,31,2016,20698,22284,145,54.29999924,3,4,1
15123,39,2017,43498,7517,145,37.20000076,3,4,1
15124,30,2016,23998,7675,160,49.59999847,3,4,1
15125,31,2016,18998,32107,160,52.29999924,3,4,1
15126,31,2016,19298,26780,160,52.29999924,3,4,1
15127,38,2017,29698,22052,200,47.90000153,2.099999905,4,1
15128,31,2017,21998,20239,160,52.29999924,3,4,1
15129,25,2017,18998,27493,0,78.5,2.099999905,4,3
15130,25,2018,18998,15075,145,50.40000153,2,4,5
15131,31,2017,20498,35494,145,61.40000153,2,4,1
15132,30,2017,22698,36402,160,51.40000153,3,4,1
15133,25,2016,13690,49761,20,68.90000153,2.099999905,2,1
15134,13,2017,14490,14122,150,51.40000153,1.600000024,2,5
15135,31,2014,13490,23226,30,58.90000153,2.099999905,4,1
15136,25,2014,14490,31801,20,64.19999695,2.099999905,4,1
15137,13,2018,29990,22923,150,40.90000153,2,4,5
15138,37,2019,33990,5830,150,40.90000153,2,4,1
15139,25,2014,14780,59884,30,64.19999695,2.099999905,4,1
15140,25,2017,16922,52519,30,64.19999695,1.600000024,4,1
15141,25,2017,18350,42000,30,64.19999695,2.099999905,4,1
15142,25,2016,17595,28192,30,64.19999695,2.099999905,1,1
15143,31,2016,20998,37181,160,51.40000153,3,4,1
15144,75,2016,18698,35595,30,70.59999847,2.099999905,4,1
15145,31,2017,20998,16016,145,72.40000153,2,4,1
15146,75,2016,20298,14035,30,70.59999847,2.099999905,4,1
15147,31,2015,20498,27688,160,51.40000153,3,4,1
15148,38,2016,25998,27307,200,47.90000153,2.099999905,4,1
15149,30,2014,19998,25696,165,52.29999924,3,4,1
15150,25,2015,16315,46155,30,64.19999695,2.099999905,4,1
15151,24,2019,19998,13744,145,45.59999847,1.299999952,4,5
15152,82,2018,19990,23415,145,46.29999924,2.099999905,2,1
15153,31,2017,18990,43500,145,61.40000153,2,4,1
15154,13,2014,12990,41362,145,49.59999847,1.600000024,4,5
15155,35,2018,19990,24508,145,48.70000076,1.600000024,4,5
15156,38,2016,31390,30772,300,39.20000076,3,4,1
15157,25,2017,24990,6668,145,58.90000153,2.099999905,1,1
15158,82,2017,29998,41298,205,45.59999847,2.200000048,4,1
15159,69,2015,28998,10284,205,47.90000153,3,4,1
15160,25,2019,29998,8520,145,61.40000153,2,4,1
15161,30,2016,21398,34056,160,51.40000153,3,4,1
15162,30,2016,22498,14466,160,51.40000153,3,4,1
15163,13,2019,20998,6354,145,65.69999695,1.5,4,1
15164,69,2019,59998,10500,145,34.5,3,4,5
15165,30,2016,21998,30496,160,51.40000153,3,4,1
15166,30,2016,22498,23636,160,51.40000153,3,4,1
15167,25,2015,17636,24923,30,64.19999695,2.099999905,4,1
15168,31,2017,18990,25326,145,72.40000153,2,4,1
15169,13,2019,21290,12046,145,67.30000305,1.5,1,1
15170,13,2017,13990,17603,125,53.29999924,1.600000024,4,5
15171,25,2019,21980,7716,145,45.59999847,1.5,1,5
15172,25,2019,23990,1647,145,45.59999847,1.5,1,5
15173,25,2019,21980,5572,145,45.59999847,1.5,4,5
15174,38,2019,44990,8351,145,32.79999924,3,1,1
15175,69,2015,27998,30554,200,48.70000076,3,4,1
15176,38,2015,34998,22651,300,39.20000076,3,4,1
15177,31,2017,21998,20044,145,61.40000153,2,4,1
15178,51,2015,22498,37484,300,39.20000076,3,4,1
15179,24,2014,9998,16378,20,68.90000153,1.5,4,1
15180,39,2019,54990,18717,145,34,3,4,1
15181,31,2018,24490,11052,145,65.69999695,2,4,1
15182,25,2014,28990,19562,570,23.5,6.199999809,4,5
15183,13,2016,15990,19715,30,62.79999924,2.099999905,2,1
15184,13,2018,17490,15049,145,62.79999924,2.099999905,2,1
15185,31,2014,13990,49491,125,57.70000076,2.099999905,4,1
15186,38,2019,43990,10974,145,36.70000076,3,1,1
15187,38,2019,43490,14026,145,36.70000076,3,4,1
15188,38,2017,30498,22539,145,47.90000153,2.099999905,4,1
15189,25,2019,27990,101,145,61.40000153,2,1,1
15190,13,2020,22490,3521,145,56.5,2,1,1
15191,26,2020,27480,2459,145,44.09999847,1.299999952,4,5
15192,25,2020,29950,101,145,64.19999695,2,4,1
15193,25,2017,14990,27424,145,65.69999695,2.099999905,4,1
15194,38,2017,31990,8581,145,42.79999924,3,4,1
15195,25,2020,31950,2985,145,51.40000153,2,1,1
15196,25,2016,20990,36051,30,65.69999695,2.099999905,4,1
15197,38,2017,34950,22067,135,76.40000153,3,4,3
15198,35,2015,15390,60216,125,55.40000153,2.099999905,4,1
15199,31,2017,17990,40789,145,72.40000153,2,4,1
15200,82,2020,43950,2859,145,36.20000076,2,4,1
15201,25,2020,29950,101,145,48.70000076,2,4,1
15202,31,2020,33950,2568,145,42.79999924,2,1,1
15203,24,2019,24950,1440,145,55.40000153,2,1,1
15204,25,2018,25990,9699,145,44.09999847,2,4,5
15205,13,2020,21750,4001,145,47.09999847,1.299999952,2,5
15206,13,2020,21750,2896,145,47.09999847,1.299999952,2,5
15207,26,2017,16490,32282,145,51.40000153,1.600000024,2,5
15208,25,2015,36990,12659,300,34.5,4,1,5
15209,69,2017,40990,6200,150,52.29999924,3,4,1
15210,31,2015,18998,39530,145,54.29999924,3,4,1
15211,69,2016,30998,23743,200,47.90000153,3,4,1
15212,25,2017,19998,23690,125,58.90000153,2.099999905,4,1
15213,31,2017,21998,19249,145,65.69999695,2,4,1
15214,75,2016,18698,30269,30,70.59999847,2.099999905,4,1
15215,31,2016,19998,35665,145,54.29999924,3,4,1
15216,25,2013,11998,30035,160,44.79999924,1.600000024,4,5
15217,25,2017,17998,22349,145,50.40000153,2,4,5
15218,30,2016,22998,13720,165,51.40000153,3,4,1
15219,25,2013,9490,41921,145,47.90000153,1.600000024,4,5
15220,25,2017,15690,35488,20,65.69999695,2.099999905,4,1
15221,13,2017,13790,18332,125,51.40000153,1.600000024,2,5
15222,25,2017,14990,41647,20,65.69999695,2.099999905,2,1
15223,31,2016,19990,23543,160,51.40000153,3,4,1
15224,25,2018,19490,11810,145,61.40000153,2.099999905,4,1
15225,25,2019,28990,2000,145,57.70000076,2,4,1
15226,13,2019,20950,4692,145,65.69999695,1.299999952,4,1
15227,25,2017,19250,23523,125,60.09999847,2.099999905,4,1
15228,31,2016,22990,49521,160,51.40000153,3,1,1
15229,13,2016,16450,25623,200,41.5,2,2,5
15230,13,2019,21990,6954,145,67.30000305,1.5,1,1
15231,37,2018,26480,10833,145,56.5,2.099999905,4,1
15232,25,2017,20790,22485,0,74.30000305,2.099999905,4,3
15233,38,2019,53990,5214,145,32.5,3,1,1
15234,37,2016,19490,59442,125,56.5,2.099999905,4,1
15235,37,2018,27990,21734,150,56.5,2.099999905,4,1
15236,35,2017,18998,18847,150,50.40000153,1.600000024,4,5
15237,30,2016,20498,33026,165,51.40000153,3,4,1
15238,30,2015,20498,41955,165,51.40000153,3,4,1
15239,30,2016,21498,35474,165,51.40000153,3,4,1
15240,35,2017,18698,20954,150,67.30000305,2.099999905,4,1
15241,30,2016,22998,34544,165,49.59999847,3,4,1
15242,39,2020,66990,2596,145,30.39999962,3,4,1
15243,25,2020,28990,3458,145,46.29999924,1.5,1,5
15244,37,2019,31990,7977,145,56.5,2.099999905,1,1
15245,25,2016,14450,19598,125,53.29999924,2,4,5
15246,37,2017,27990,25782,145,56.5,2.099999905,4,1
15247,25,2016,19690,38087,20,67.30000305,2.099999905,4,1
15248,37,2018,38990,10638,145,34,3,4,5
15249,13,2017,15590,34553,145,68.90000153,2.099999905,4,1
15250,69,2019,45990,14259,145,52.29999924,3,4,1
15251,38,2017,37950,20925,145,39.20000076,3,4,1
15252,37,2018,36850,4841,145,34,3,1,5
15253,25,2019,30950,101,145,55.40000153,2,1,1
15254,13,2019,99950,2013,145,22.60000038,4,1,5
15255,69,2019,54990,1501,145,41.5,3,1,1
15256,25,2019,24950,7006,145,47.09999847,1.5,1,5
15257,25,2019,25950,10485,145,47.09999847,1.5,1,5
15258,37,2019,34950,3100,145,43.5,2,1,1
15259,37,2020,32950,3528,145,44.79999924,2,1,1
15260,37,2019,35490,2644,145,40.90000153,2,1,1
15261,24,2020,23690,3012,145,55.40000153,2,1,1
15262,38,2017,27990,17400,145,42.79999924,3,1,1
15263,13,2019,20990,15059,145,67.30000305,1.5,4,1
15264,26,2019,24990,13501,145,51.40000153,2.200000048,4,1
15265,25,2018,21990,1871,145,44.09999847,1.5,4,5
15266,25,2015,14750,32594,20,64.19999695,2.099999905,4,1
15267,38,2017,27950,23825,145,42.79999924,3,1,1
15268,38,2017,27790,25906,145,42.79999924,3,1,1
15269,13,2019,21450,11712,145,67.30000305,1.5,4,1
15270,13,2018,20295,9748,145,53.29999924,1.299999952,4,5
15271,13,2018,18990,12449,145,53.29999924,1.299999952,4,5
15272,13,2019,19990,9191,145,53.29999924,1.299999952,4,5
15273,30,2019,36490,7036,145,48.70000076,2.900000095,4,1
15274,30,2018,33990,8123,145,48.70000076,2.900000095,4,1
15275,13,2019,18490,6725,145,68.90000153,1.5,4,1
15276,13,2019,21450,11597,145,67.30000305,1.5,4,1
15277,13,2018,17990,15907,145,65.69999695,1.5,4,1
15278,13,2018,17990,16196,145,65.69999695,1.5,4,1
15279,13,2018,19498,12353,145,53.29999924,1.299999952,4,5
15280,37,2017,25498,9444,145,56.5,2.099999905,4,1
15281,13,2015,13109,24091,20,68.90000153,2.099999905,4,1
15282,31,2019,27990,4158,145,39.79999924,2,4,5
15283,37,2019,29490,8115,145,56.5,2.099999905,4,1
15284,13,2019,19990,12456,145,53.29999924,1.299999952,4,5
15285,38,2015,21967,47430,200,47.90000153,2.099999905,4,1
15286,25,2013,9798,60948,150,54.29999924,2.099999905,4,1
15287,37,2016,21998,29884,125,56.5,2.099999905,1,1
15288,31,2018,26998,6286,145,39.79999924,2,1,5
15289,25,2016,17998,32769,30,64.19999695,2.099999905,1,1
15290,25,2017,18998,20949,145,61.40000153,2.099999905,1,1
15291,35,2014,15498,53000,145,55.40000153,2.099999905,4,1
15292,31,2015,12691,78000,125,61.40000153,2.099999905,4,1
15293,51,2014,16087,70308,200,44.79999924,2.099999905,1,1
15294,30,2013,11991,85967,200,46.29999924,3,4,1
15295,76,2013,9600,51458,145,56.5,2,1,1
15296,25,2014,11791,42879,145,53.29999924,2.099999905,4,1
15297,13,2015,10991,67865,20,68.90000153,2.099999905,4,1
15298,13,2014,13251,41700,20,64.19999695,2.099999905,4,1
15299,25,2016,13691,36538,30,65.69999695,1.600000024,4,1
15300,24,2015,10991,50501,20,68.90000153,2.099999905,4,1
15301,13,2016,15291,10730,20,70.59999847,2.099999905,4,1
15302,24,2015,11991,59492,20,67.30000305,2.099999905,4,1
15303,25,2018,19991,20027,150,60.09999847,2.099999905,4,1
15304,24,2017,13291,21742,20,70.59999847,2.099999905,4,1
15305,13,2016,14521,35005,30,62.79999924,2.099999905,2,1
15306,13,2018,20991,19561,150,45.59999847,2,4,5
15307,25,2017,23791,17263,30,65.69999695,2.099999905,4,1
15308,25,2018,23498,5659,145,40.40000153,2,4,5
15309,34,2015,32998,22548,330,36.20000076,3,4,1
15310,31,2017,20998,17890,160,52.29999924,3,4,1
15311,25,2014,13491,56000,20,68.90000153,2.099999905,2,1
15312,13,2016,15378,21256,30,62.79999924,2.099999905,2,1
15313,35,2015,15990,49626,125,55.40000153,2.099999905,4,1
15314,31,2017,26027,20575,145,40.40000153,2,4,5
15315,39,2019,44990,11607,145,37.20000076,3,1,1
15316,35,2016,17991,26193,125,56.59999847,2.099999905,4,1
15317,37,2019,47484,3439,145,27.39999962,4,1,5
15318,25,2017,13587,61305,150,65.69999695,1.600000024,4,1
15319,13,2016,15597,20866,20,70.59999847,2.099999905,4,1
15320,25,2015,16310,55226,30,64.19999695,2.099999905,4,1
15321,31,2019,49500,4250,145,31.70000076,3,1,5
15322,25,2019,44990,1474,145,29.10000038,3,1,5
15323,31,2019,25490,7512,145,72.40000153,2,1,1
15324,24,2020,21990,4239,145,55.40000153,2,1,1
15325,13,2018,20991,5322,145,53.29999924,1.299999952,4,5
15326,13,2019,19511,10543,145,68.90000153,1.5,4,1
15327,25,2017,18200,25296,30,61.40000153,2.099999905,4,1
15328,37,2017,27520,33590,145,56.5,2.099999905,4,1
15329,31,2020,45990,159,145,45.59999847,3,4,1
15330,25,2015,13621,57066,30,65.69999695,1.600000024,4,1
15331,35,2016,17991,20233,125,56.59999847,2.099999905,4,1
15332,13,2017,17047,14951,145,68.90000153,2.099999905,4,1
15333,13,2017,27990,17299,200,40.90000153,2,4,5
15334,26,2015,14550,30369,20,62.79999924,2.099999905,4,1
15335,13,2016,16411,18914,20,68.90000153,2.099999905,4,1
15336,25,2017,16991,29907,145,64.19999695,2.099999905,4,1
15337,37,2016,26320,26065,145,56.5,2.099999905,4,1
15338,35,2018,20990,18166,145,56.5,2.099999905,4,1
15339,13,2017,27490,31775,145,40.90000153,2,4,5
15340,31,2016,18300,36188,30,65.69999695,2,1,1
15341,35,2018,18950,11577,145,67.30000305,2.099999905,4,1
15342,37,2017,22750,29929,145,56.5,2.099999905,4,1
15343,13,2019,21250,4878,145,53.29999924,1.299999952,4,5
15344,38,2017,27950,14156,145,47.90000153,2.099999905,4,1
15345,38,2016,29990,63250,145,32.5,3,4,1
15346,31,2016,21990,32266,160,51.40000153,3,1,1
15347,25,2016,20490,10542,125,51.40000153,2,4,5
15348,31,2015,14980,59101,160,51.40000153,2.099999905,4,1
15349,39,2018,43990,10405,145,37.20000076,3,1,1
15350,26,2017,20750,9447,145,67.30000305,2.099999905,4,1
15351,25,2018,26625,7175,145,57.70000076,2,1,1
15352,31,2019,23690,14077,145,72.40000153,2,4,1
15353,26,2019,25240,14049,145,51.40000153,2.200000048,1,1
15354,13,2019,18240,15806,145,68.90000153,1.5,1,1
15355,37,2017,24780,27484,145,56.5,2.099999905,1,1
15356,37,2017,24510,26995,145,56.5,2.099999905,1,1
15357,37,2019,32340,1303,145,44.79999924,2,1,1
15358,13,2019,20991,8728,145,53.29999924,1.299999952,4,5
15359,37,2019,27890,19072,145,56.5,2.099999905,1,1
15360,13,2019,21291,13361,145,67.30000305,1.5,4,1
15361,13,2019,21190,14703,145,67.30000305,1.5,4,1
15362,31,2019,22990,15956,145,72.40000153,2,4,1
15363,13,2019,18990,13145,145,68.90000153,1.5,4,1
15364,25,2017,21650,33943,145,47.09999847,2,1,5
15365,31,2019,42590,12419,145,32.5,3,1,5
15366,25,2019,24690,15210,145,47.09999847,1.5,4,5
15367,25,2017,18270,49783,30,64.19999695,2.099999905,4,1
15368,37,2018,24690,40422,145,56.5,2.099999905,4,1
15369,31,2015,13000,50963,125,61.40000153,2.099999905,4,1
15370,37,2018,28295,15000,145,56.5,2.099999905,4,1
15371,82,2018,20498,21681,145,46.29999924,2.099999905,2,1
15372,30,2013,11998,60090,200,46.29999924,3,4,1
15373,13,2013,14498,25064,160,45.59999847,2,4,5
15374,24,2017,13298,31705,150,68.90000153,1.5,2,1
15375,38,2017,28498,26416,205,47.90000153,2.099999905,4,1
15376,35,2016,15998,34699,20,67.30000305,2.099999905,2,1
15377,13,2015,11998,50244,20,68.90000153,1.5,4,1
15378,25,2017,15990,38051,20,64.19999695,2.099999905,4,1
15379,13,2019,20741,11112,145,53.29999924,1.299999952,4,5
15380,25,2017,20591,21023,30,64.19999695,2.099999905,4,1
15381,37,2019,27991,8811,145,41.5,2.099999905,4,1
15382,25,2016,19991,35975,20,67.30000305,2.099999905,4,1
15383,39,2017,38580,22957,145,37.20000076,3,1,1
15384,35,2016,18435,40882,125,56.5,2.099999905,4,1
15385,13,2018,20490,640,145,53.29999924,1.299999952,4,5
15386,13,2018,17990,20238,145,53.29999924,1.299999952,4,5
15387,13,2019,19990,8293,145,53.29999924,1.299999952,4,5
15388,13,2018,18490,10857,145,53.29999924,1.299999952,4,5
15389,13,2019,18085,14669,145,68.90000153,1.5,4,1
15390,25,2019,18790,14288,145,64.19999695,2.099999905,4,1
15391,37,2017,29991,22489,150,56.5,2.099999905,4,1
15392,35,2017,16990,36414,30,64.19999695,2.099999905,4,1
15393,25,2019,30055,3686,145,54.29999924,2,1,1
15394,13,2019,20640,5864,145,53.29999924,1.299999952,4,5
15395,13,2019,19599,13993,145,28.5,1.299999952,2,5
15396,13,2019,20450,8428,145,28.5,1.299999952,2,5
15397,13,2016,13490,33530,20,74.30000305,1.5,4,1
15398,26,2017,19290,26626,20,67.30000305,2.099999905,4,1
15399,37,2016,20990,44013,125,56.5,2.099999905,1,1
15400,13,2016,14490,33626,145,49.59999847,1.600000024,2,5
15401,37,2017,33990,45129,145,34,3,4,5
15402,31,2017,19490,24046,30,65.69999695,2,4,1
15403,24,2016,13291,45250,20,68.90000153,2.099999905,4,1
15404,25,2015,18191,11470,30,64.19999695,1.600000024,4,1
15405,25,2016,20991,26205,125,58.90000153,2.099999905,4,1
15406,25,2017,20871,37194,145,65.69999695,2.099999905,4,1
15407,25,2018,25891,2240,145,44.09999847,2,4,5
15408,26,2016,18391,42192,20,67.30000305,2.099999905,4,1
15409,38,2017,28991,17314,145,47.90000153,2.099999905,4,1
15410,37,2016,22498,25220,125,56.5,2.099999905,4,1
15411,37,2017,24498,36058,125,56.5,2.099999905,4,1
15412,25,2015,13498,31125,20,70.59999847,2.099999905,2,1
15413,51,2015,21998,22976,300,39.20000076,3,1,1
15414,35,2014,15898,38004,145,55.40000153,2.099999905,1,1
15415,25,2017,19798,19877,0,134.5,2,4,3
15416,51,2014,16998,59812,300,39.20000076,3,1,1
15417,31,2017,21998,18812,150,65.69999695,2,4,1
15418,38,2017,30298,12805,150,47.90000153,2.099999905,4,1
15419,25,2019,24498,7937,150,47.09999847,1.5,4,5
15420,13,2017,14270,65000,20,68.90000153,2.099999905,4,1
15421,82,2018,19498,29723,145,46.29999924,2.099999905,2,1
15422,30,2015,17998,46725,145,56.5,2.099999905,4,1
15423,25,2017,21998,11986,150,48.70000076,2,4,5
15424,38,2016,34998,17525,300,39.20000076,3,4,1
15425,13,2017,16498,37010,145,68.90000153,2.099999905,4,1
15426,30,2016,21998,20306,165,51.40000153,3,4,1
15427,26,2014,13495,35677,30,62.79999924,2.099999905,4,1
15428,25,2015,14500,38783,20,64.19999695,2.099999905,4,1
15429,38,2016,34698,27229,305,39.20000076,3,4,1
15430,31,2018,31998,9000,145,70.59999847,2,4,1
15431,31,2019,22990,14664,145,72.40000153,2,4,1
15432,31,2019,41550,159,145,31.70000076,3,1,5
15433,31,2016,18991,27834,30,65.69999695,2,4,1
15434,35,2016,15561,71610,125,56.59999847,2.099999905,4,1
15435,13,2019,19991,13570,145,53.29999924,1.299999952,4,5
15436,13,2019,19531,17447,145,28.5,1.299999952,2,5
15437,13,2019,21530,14817,145,67.30000305,1.5,4,1
15438,24,2018,17990,6217,145,68.90000153,2.099999905,1,1
15439,25,2015,13361,35034,125,53.29999924,2,4,5
15440,38,2017,27692,29548,260,42.79999924,3,4,1
15441,13,2019,21035,3166,145,47.90000153,1.299999952,1,5
15442,25,2017,17490,35576,145,64.19999695,2.099999905,4,1
15443,25,2019,26427,13888,145,55.40000153,2,1,1
15444,13,2018,20570,1468,145,53.29999924,1.299999952,4,5
15445,13,2018,18990,5020,145,53.29999924,1.299999952,4,5
15446,25,2017,21991,19953,145,67.30000305,2.099999905,4,1
15447,13,2019,20991,2513,145,65.69999695,1.5,4,1
15448,35,2018,21591,11700,145,56.5,2.099999905,4,1
15449,26,2017,17990,24377,20,67.30000305,2.099999905,2,1
15450,13,2019,20990,14975,145,67.30000305,1.5,4,1
15451,13,2019,18190,12162,145,65.69999695,1.5,4,1
15452,31,2019,22990,14107,145,72.40000153,2,4,1
15453,25,2018,20890,3033,145,44.09999847,1.5,4,5
15454,13,2019,19250,11381,145,28.5,1.299999952,2,5
15455,13,2019,20990,2158,145,47.09999847,1.299999952,2,5
15456,13,2019,20750,3915,145,47.90000153,1.299999952,4,5
15457,13,2019,18190,13264,145,68.90000153,1.5,1,1
15458,38,2018,29990,15523,145,42.79999924,3,4,1
15459,30,2018,23995,24315,145,57.70000076,2.099999905,4,1
15460,25,2015,12590,65000,150,53.29999924,2.099999905,4,1
15461,35,2016,16485,12400,20,64.19999695,2.099999905,2,1
15462,35,2015,13485,72000,150,55.40000153,2.099999905,4,1
15463,26,2018,18940,20000,150,70.59999847,2.099999905,1,1
15464,25,2018,20885,22773,145,61.40000153,2.099999905,4,1
15465,37,2018,26890,15200,145,41.5,2.099999905,4,1
15466,13,2018,15995,16782,145,72.40000153,1.5,2,1
15467,25,2014,25885,37000,570,23.5,6.199999809,4,5
15468,31,2018,20485,31784,145,72.40000153,2,4,1
15469,25,2016,14965,30487,20,65.69999695,2.099999905,4,1
15470,31,2017,20480,30567,145,65.69999695,2,4,1
15471,69,2018,41990,7527,145,52.29999924,3,4,1
15472,25,2017,16595,29814,20,65.69999695,2.099999905,1,1
15473,25,2018,17940,28050,145,64.19999695,2.099999905,4,1
15474,35,2016,18485,27931,125,56.5,2.099999905,4,1
15475,25,2018,19940,18882,145,61.40000153,2.099999905,4,1
15476,37,2016,18990,70560,125,56.5,2.099999905,4,1
15477,26,2017,17698,11472,145,48.70000076,1.600000024,2,5
15478,34,2013,25998,60462,325,35.29999924,3,1,1
15479,25,2015,17450,37000,30,64.19999695,2.099999905,4,1
15480,51,2015,18495,71000,200,46.29999924,2.099999905,4,1
15481,38,2015,24950,43800,200,47.90000153,2.099999905,4,1
15482,25,2016,14450,34000,20,65.69999695,2.099999905,4,1
15483,31,2014,11950,70000,145,54.29999924,2.099999905,4,1
15484,37,2017,21950,57000,125,56.5,2.099999905,4,1
15485,13,2016,13695,41600,0,80.69999695,1.5,2,1
15486,25,2015,16440,29286,20,64.19999695,2.099999905,4,1
15487,25,2014,9891,52500,125,57.70000076,2.099999905,4,1
15488,25,2017,24735,22369,145,61.40000153,2.099999905,4,1
15489,35,2017,20999,29209,125,56.5,2.099999905,4,1
15490,13,2016,14999,19286,125,53.29999924,1.600000024,4,5
15491,13,2017,16999,17781,145,49.59999847,1.600000024,2,5
15492,37,2016,29499,19932,145,56.5,2.099999905,4,1
15493,35,2016,17990,30171,125,56.5,2.099999905,4,1
15494,25,2019,27000,6406,145,64.19999695,2,4,1
15495,35,2015,19991,29087,200,42.79999924,2,4,5
15496,31,2017,21391,16654,145,72.40000153,2,4,1
15497,37,2017,25991,16008,145,56.5,2.099999905,4,1
15498,26,2019,37999,3647,145,40.90000153,2,4,5
15499,13,2020,26999,2000,145,62.79999924,1.5,4,1
15500,38,2019,45990,9600,145,36.70000076,3,4,1
15501,35,2016,18999,36899,125,56.5,2.099999905,4,1
15502,13,2020,26499,2600,145,53.29999924,1.299999952,4,5
15503,24,2014,7495,70122,20,68.90000153,1.5,4,1
15504,13,2016,12390,49846,20,72.40000153,1.5,2,1
15505,31,2014,11495,40019,30,58.90000153,2.099999905,4,1
15506,76,2013,10495,18105,150,56.5,2,4,1
15507,31,2019,24489,22561,145,61.40000153,2,4,1
15508,38,2016,29999,30138,200,47.90000153,2.099999905,4,1
15509,37,2017,24998,53351,145,56.5,2.099999905,4,1
15510,82,2018,20698,13013,145,46.29999924,2.099999905,2,1
15511,82,2018,19998,23183,145,46.29999924,2.099999905,2,1
15512,25,2015,16998,26273,125,52.29999924,2,4,5
15513,37,2017,32998,29265,300,34,3,4,5
15514,37,2017,25998,20804,125,56.5,2.099999905,4,1
15515,38,2017,31998,30227,300,39.20000076,3,4,1
15516,25,2017,22498,22888,20,67.30000305,2.099999905,4,1
15517,24,2015,12998,26125,20,67.30000305,1.5,4,1
15518,24,2017,12499,40219,145,68.90000153,1.5,2,1
15519,31,2016,17791,35279,125,58.90000153,2.099999905,4,1
15520,13,2016,13999,28024,20,72.40000153,1.5,2,1
15521,37,2019,38999,9487,145,40.90000153,2,4,1
15522,75,2019,57995,1201,145,29.39999962,3,1,5
15523,35,2014,17998,34271,200,42.79999924,2,4,5
15524,35,2016,17999,35231,125,56.59999847,2.099999905,4,1
15525,25,2017,17495,25149,145,51.40000153,2,4,5
15526,35,2018,21999,17306,145,56.5,2.099999905,4,1
15527,31,2018,22699,18770,145,67.30000305,2,4,1
15528,37,2017,24999,29897,125,56.5,2.099999905,4,1
15529,35,2016,17999,33086,125,56.5,2.099999905,4,1
15530,35,2015,17450,38100,125,55.40000153,2.099999905,4,1
15531,31,2015,16499,40085,160,51.40000153,2.099999905,4,1
15532,31,2016,17999,42217,20,72.40000153,2,4,1
15533,69,2019,89999,1400,145,34,4,4,5
15534,38,2019,56499,4315,145,29.5,3,4,5
15535,25,2019,31999,1052,145,48.70000076,2,4,1
15536,35,2017,16999,33014,145,48.70000076,1.600000024,2,5
15537,31,2019,55499,2991,145,31.70000076,3,4,5
15538,38,2019,46999,3769,145,36.70000076,2,4,1
15539,25,2019,25495,5947,145,42.20000076,1.600000024,4,5
15540,25,2019,36995,2749,145,54.29999924,2,1,1
15541,25,2019,30999,7144,145,57.70000076,2,4,1
15542,13,2019,24995,4500,145,67.30000305,1.5,4,1
15543,30,2019,44999,4000,145,47.90000153,2.900000095,4,1
15544,25,2019,29999,4843,145,57.70000076,2,4,1
15545,35,2016,19999,17344,125,56.5,2.099999905,4,1
15546,31,2017,23499,20776,125,58.90000153,2,4,1
15547,37,2018,28499,21659,145,56.5,2.099999905,4,1
15548,37,2020,39499,305,145,32.09999847,2,4,5
15549,37,2017,24999,17706,125,56.5,2.099999905,4,1
15550,24,2017,13999,17341,20,67.30000305,2.099999905,2,1
15551,25,2019,26499,7060,145,56.5,2,4,1
15552,13,2020,26999,1000,145,67.30000305,1.5,4,1
15553,13,2020,23999,2300,145,53.29999924,1.299999952,4,5
15554,13,2020,23999,2000,145,53.29999924,1.299999952,4,5
15555,24,2020,25999,2000,145,55.40000153,2,4,1
15556,31,2018,23499,13904,145,67.30000305,2,4,1
15557,13,2018,19490,6731,145,53.29999924,1.299999952,1,5
15558,25,2019,29290,4703,145,57.70000076,2,4,1
15559,13,2019,20461,14658,145,53.29999924,1.299999952,4,5
15560,25,2017,23047,8143,145,65.69999695,2.099999905,4,1
15561,30,2015,17991,29139,125,57.70000076,2.099999905,4,1
15562,25,2016,20700,27890,20,67.30000305,2.099999905,4,1
15563,37,2019,33495,12344,145,56.5,2.099999905,4,1
15564,35,2015,16791,42328,145,55.40000153,2.099999905,4,1
15565,25,2016,17699,43236,30,61.40000153,2.099999905,4,1
15566,25,2019,27791,9057,145,56.5,2,4,1
15567,13,2019,18499,14978,145,65.69999695,1.5,4,1
